{
  "motif": "extEDVID",
  "esm_model": "Synthyra/ESM2-8M",
  "window_size": 30,
  "threshold": 0.3503326177597046,
  "val_metrics": {
    "precision": 0.993993993993994,
    "recall": 0.9792899408284024,
    "f1": 0.9865871783087726,
    "roc_auc": 0.9999754730229266
  }
}
