{
  "motif": "extEDVID",
  "esm_model": "Synthyra/ESM2-8M",
  "window_size": 30,
  "threshold": 0.12446710467338562,
  "val_metrics": {
    "precision": 0.9361702127659575,
    "recall": 0.9565217391304348,
    "f1": 0.9462365541403631,
    "roc_auc": 0.9996297646278847
  }
}
