{
  "motif": "lrr",
  "esm_model": "Synthyra/ESM2-8M",
  "window_size": 11,
  "threshold": 0.5668375492095947,
  "val_metrics": {
    "precision": 0.9415887850467289,
    "recall": 0.9350348027842227,
    "f1": 0.9383003442433672,
    "roc_auc": 0.9991595132254295
  }
}
