{
  "motif": "LxxLxL",
  "esm_model": "Synthyra/ESM2-8M",
  "window_size": 30,
  "threshold": 0.6183978319168091,
  "val_metrics": {
    "precision": 0.9576642335766423,
    "recall": 0.9136490250696379,
    "f1": 0.9351389828858739,
    "roc_auc": 0.9992391136809531
  }
}