{
  "motif": "LxxLxL",
  "esm_model": "Synthyra/ESM2-8M",
  "window_size": 30,
  "threshold": 0.4820006489753723,
  "val_metrics": {
    "precision": 0.9297052154195011,
    "recall": 0.9131403118040089,
    "f1": 0.9213483096071456,
    "roc_auc": 0.9987539188742836
  }
}