{
  "motif": "MHD",
  "esm_model": "Synthyra/ESM2-8M",
  "window_size": 30,
  "threshold": 0.013265439309179783,
  "val_metrics": {
    "precision": 0.9771428571428571,
    "recall": 0.9884393063583815,
    "f1": 0.9827586156898204,
    "roc_auc": 0.9995950165846339
  }
}