{
  "motif": "MHD",
  "esm_model": "Synthyra/ESM2-8M",
  "window_size": 30,
  "threshold": 0.8433191180229187,
  "val_metrics": {
    "precision": 0.9946996466431095,
    "recall": 0.975736568457539,
    "f1": 0.9851268541430703,
    "roc_auc": 0.9999433781737234
  }
}
