{
  "motif": "RNBS-B",
  "esm_model": "Synthyra/ESM2-8M",
  "window_size": 30,
  "threshold": 0.9697475433349609,
  "val_metrics": {
    "precision": 0.9894551845342706,
    "recall": 0.975736568457539,
    "f1": 0.9825479880194408,
    "roc_auc": 0.9989860880634472
  }
}