{
  "motif": "RNBS-B",
  "esm_model": "Synthyra/ESM2-8M",
  "window_size": 30,
  "threshold": 0.9594940543174744,
  "val_metrics": {
    "precision": 0.9825581395348837,
    "recall": 0.976878612716763,
    "f1": 0.9797101399275784,
    "roc_auc": 0.9998817061799653
  }
}