{
  "motif": "RNBS-A",
  "esm_model": "Synthyra/ESM2-8M",
  "window_size": 30,
  "threshold": 0.3069744408130646,
  "val_metrics": {
    "precision": 0.9861111111111112,
    "recall": 0.9844020797227037,
    "f1": 0.9852558492931521,
    "roc_auc": 0.9999982250959714
  }
}
