{
  "motif": "RNBS-A",
  "esm_model": "Synthyra/ESM2-8M",
  "window_size": 30,
  "threshold": 0.9939312934875488,
  "val_metrics": {
    "precision": 0.9938271604938271,
    "recall": 0.930635838150289,
    "f1": 0.9611940248561374,
    "roc_auc": 0.9992531705005009
  }
}