{
  "motif": "RNBS-C",
  "esm_model": "Synthyra/ESM2-8M",
  "window_size": 30,
  "threshold": 0.06390269845724106,
  "val_metrics": {
    "precision": 0.9982698961937716,
    "recall": 1.0,
    "f1": 0.9991341941342029,
    "roc_auc": 0.9999999920407892
  }
}