{
  "motif": "VG",
  "esm_model": "Synthyra/ESM2-8M",
  "window_size": 30,
  "threshold": 0.7760984897613525,
  "val_metrics": {
    "precision": 0.9823943661971831,
    "recall": 0.9670710571923743,
    "f1": 0.9746724840832784,
    "roc_auc": 0.9999016400718125
  }
}
