{
  "motif": "VG",
  "esm_model": "Synthyra/ESM2-8M",
  "window_size": 30,
  "threshold": 0.9608355164527893,
  "val_metrics": {
    "precision": 0.9644970414201184,
    "recall": 0.9421965317919075,
    "f1": 0.9532163692696899,
    "roc_auc": 0.9998589164410232
  }
}