{
  "motif": "Walker-B",
  "esm_model": "Synthyra/ESM2-8M",
  "window_size": 30,
  "threshold": 0.9828306436538696,
  "val_metrics": {
    "precision": 0.9965277777777778,
    "recall": 0.9948006932409013,
    "f1": 0.9956634815568123,
    "roc_auc": 0.9993927002702216
  }
}
