{
  "motif": "Walker-B",
  "esm_model": "Synthyra/ESM2-8M",
  "window_size": 30,
  "threshold": 0.2127322107553482,
  "val_metrics": {
    "precision": 0.9942196531791907,
    "recall": 0.9942196531791907,
    "f1": 0.9942196481791907,
    "roc_auc": 0.9999984038315137
  }
}