{
  "motif": "MHD",
  "esm_model": "Synthyra/ESM2-8M",
  "window_size": 13,
  "threshold": 0.16431282460689545,
  "val_metrics": {
    "precision": 0.9941176470588236,
    "recall": 0.976878612716763,
    "f1": 0.9854227355251639,
    "roc_auc": 0.999545446685534
  }
}